[
    {
        "id": 1,
        "name": "dog1",
        "age": 10,
        "sex": "男",
        "note": "备注备注备注备注备注备注"
    },
    {
        "id": 2,
        "name": "dog2",
        "age": 10,
        "sex": "男",
        "note": "备注备注备注备注备注备注"
    },
    {
        "id": 3,
        "name": "dog3",
        "age": 10,
        "sex": "男",
        "note": "备注备注备注备注备注备注"
    },
    {
        "id": 4,
        "name": "dog4",
        "age": 10,
        "sex": "男",
        "note": "备注备注备注备注备注备注"
    },
    {
        "id": 5,
        "name": "dog5",
        "age": 10,
        "sex": "男",
        "note": "备注备注备注备注备注备注"
    }
]